[
  {
    "value": "car",
    "synonyms": [
      "car",
      "sedan",
      "hatchback",
      "suv"
    ]
  },
  {
    "value": "honda",
    "synonyms": [
      "honda",
      "honda sedan",
      "honda city",
      "honda sedan"
    ]
  },
  {
    "value": "Mercedes",
    "synonyms": [
      "Mercedes",
      "Benz",
      "Mercedes Benz"
    ]
  },
  {
    "value": "BMW",
    "synonyms": [
      "BMW"
    ]
  },
  {
    "value": "Rolls Royce",
    "synonyms": [
      "Rolls Royce",
      "RR"
    ]
  }
]