[
  {
    "id": "be4bfef1-dc60-4089-9625-2bbaa241e680",
    "data": [
      {
        "text": "city",
        "alias": "hondaCarNames",
        "meta": "@hondaCarNames",
        "userDefined": true
      }
    ],
    "isTemplate": false,
    "count": 0,
    "updated": 1546700108
  },
  {
    "id": "561669ba-0be0-4628-89f0-6a7a2f2b238b",
    "data": [
      {
        "text": "z4",
        "alias": "BMWCarNames",
        "meta": "@BMWCarNames",
        "userDefined": true
      }
    ],
    "isTemplate": false,
    "count": 0,
    "updated": 1546700108
  }
]