[
  {
    "id": "a32c24d5-82a1-4912-a819-1dbc49096b4e",
    "data": [
      {
        "text": "how should i buy a second hand car",
        "userDefined": false
      }
    ],
    "isTemplate": false,
    "count": 0,
    "updated": 1546695318
  },
  {
    "id": "d70a9388-6d5a-44d2-b0c2-0e0073709862",
    "data": [
      {
        "text": "tell me how should i buy a new car",
        "userDefined": false
      }
    ],
    "isTemplate": false,
    "count": 0,
    "updated": 1546695318
  },
  {
    "id": "7952975c-df28-4449-babb-1e9cb6640be7",
    "data": [
      {
        "text": "tell me how should i buy a car from cars24",
        "userDefined": false
      }
    ],
    "isTemplate": false,
    "count": 0,
    "updated": 1546695318
  },
  {
    "id": "185677fa-1c32-4f22-9b33-ef8a0c07d052",
    "data": [
      {
        "text": "How to buy a new car",
        "userDefined": false
      }
    ],
    "isTemplate": false,
    "count": 0,
    "updated": 1546695318
  },
  {
    "id": "860b754b-b618-4a3b-b8da-74726708aa01",
    "data": [
      {
        "text": "I would like to buy a car",
        "userDefined": false
      }
    ],
    "isTemplate": false,
    "count": 0,
    "updated": 1546695318
  },
  {
    "id": "4251b535-3bd2-4370-b607-ba885831180b",
    "data": [
      {
        "text": "I want to buy a car",
        "userDefined": false
      }
    ],
    "isTemplate": false,
    "count": 0,
    "updated": 1546695318
  }
]