[
  {
    "id": "efc566de-286a-400f-91fe-b70d9a430bee",
    "data": [
      {
        "text": "i like ",
        "userDefined": false
      },
      {
        "text": "honda",
        "alias": "carsNames",
        "meta": "@carsNames",
        "userDefined": false
      }
    ],
    "isTemplate": false,
    "count": 0,
    "updated": 1546698837
  },
  {
    "id": "fa2f6618-69f9-483c-ba42-c099cf5ed62c",
    "data": [
      {
        "text": "honda",
        "alias": "carsNames",
        "meta": "@carsNames",
        "userDefined": false
      }
    ],
    "isTemplate": false,
    "count": 0,
    "updated": 1546698837
  },
  {
    "id": "18470e65-b0a3-42ec-8bc6-5d71200010c7",
    "data": [
      {
        "text": "I want to buy a ",
        "userDefined": false
      },
      {
        "text": "honda",
        "alias": "carsNames",
        "meta": "@carsNames",
        "userDefined": false
      }
    ],
    "isTemplate": false,
    "count": 0,
    "updated": 1546695975
  },
  {
    "id": "9ebd9025-9f82-4592-a52c-2f44d15d3fe8",
    "data": [
      {
        "text": "I want to purchase a ",
        "userDefined": false
      },
      {
        "text": "mercedes benz",
        "alias": "carsNames",
        "meta": "@carsNames",
        "userDefined": true
      }
    ],
    "isTemplate": false,
    "count": 0,
    "updated": 1546695975
  },
  {
    "id": "4ab881d4-5e63-4e92-9404-918fdba7fa3e",
    "data": [
      {
        "text": "I want to buy a ",
        "userDefined": false
      },
      {
        "text": "honda sedan",
        "alias": "carsNames",
        "meta": "@carsNames",
        "userDefined": true
      }
    ],
    "isTemplate": false,
    "count": 0,
    "updated": 1546695975
  }
]