[
  {
    "id": "27114370-ae2e-41f3-945b-d846f15fce43",
    "data": [
      {
        "text": "stop",
        "userDefined": false
      }
    ],
    "isTemplate": false,
    "count": 0,
    "updated": 0
  },
  {
    "id": "2d86a36f-9065-4677-af8b-cc65ad122aff",
    "data": [
      {
        "text": "I\u0027m stuck",
        "userDefined": false
      }
    ],
    "isTemplate": false,
    "count": 0,
    "updated": 0
  },
  {
    "id": "9418e1ae-b887-464f-9ef1-ec1597b9033f",
    "data": [
      {
        "text": "this isn\u0027t working",
        "userDefined": false
      }
    ],
    "isTemplate": false,
    "count": 0,
    "updated": 0
  },
  {
    "id": "7cf6d30e-2dea-4639-b43a-c92c10a13dbd",
    "data": [
      {
        "text": "let me talk to a live person",
        "userDefined": false
      }
    ],
    "isTemplate": false,
    "count": 0,
    "updated": 0
  },
  {
    "id": "d8b2fdd9-2ffe-4472-bbbf-6fa2e671763d",
    "data": [
      {
        "text": "let me talk to a representative",
        "userDefined": false
      }
    ],
    "isTemplate": false,
    "count": 0,
    "updated": 0
  },
  {
    "id": "28a7bae2-1ff8-4641-b1b1-e143f990d0dc",
    "data": [
      {
        "text": "let me talk to a person",
        "userDefined": false
      }
    ],
    "isTemplate": false,
    "count": 0,
    "updated": 0
  },
  {
    "id": "81123c99-da9f-4cf7-ab7a-35ac3bf3408b",
    "data": [
      {
        "text": "I need help",
        "userDefined": false
      }
    ],
    "isTemplate": false,
    "count": 0,
    "updated": 0
  },
  {
    "id": "1ce0a43e-6a9b-4c49-b877-3c9fe40ab560",
    "data": [
      {
        "text": "help",
        "userDefined": false
      }
    ],
    "isTemplate": false,
    "count": 0,
    "updated": 0
  },
  {
    "id": "b07c721d-b06d-4100-b4da-284fe28bec59",
    "data": [
      {
        "text": "chat with a human",
        "userDefined": false
      }
    ],
    "isTemplate": false,
    "count": 0,
    "updated": 0
  },
  {
    "id": "693aa67d-9161-4a9d-b432-ae8b8f554127",
    "data": [
      {
        "text": "speak with a real person",
        "userDefined": false
      }
    ],
    "isTemplate": false,
    "count": 0,
    "updated": 0
  },
  {
    "id": "d40183c1-e658-4323-958f-fbc656dddc2d",
    "data": [
      {
        "text": "talk to a real person",
        "userDefined": false
      }
    ],
    "isTemplate": false,
    "count": 0,
    "updated": 0
  },
  {
    "id": "c091517a-f0b3-4022-a235-17f9be9d72a0",
    "data": [
      {
        "text": "talk to an operator",
        "userDefined": false
      }
    ],
    "isTemplate": false,
    "count": 0,
    "updated": 0
  },
  {
    "id": "d735d0ef-144e-47c3-aa06-6001dca7054e",
    "data": [
      {
        "text": "talk to the operator",
        "userDefined": false
      }
    ],
    "isTemplate": false,
    "count": 0,
    "updated": 0
  },
  {
    "id": "b1a60e8a-705b-46a2-b720-2859b0334d2c",
    "data": [
      {
        "text": "talk to a human",
        "userDefined": false
      }
    ],
    "isTemplate": false,
    "count": 0,
    "updated": 0
  },
  {
    "id": "aa7bc072-4223-4ac8-944c-408153e5d64b",
    "data": [
      {
        "text": "talk to a person",
        "userDefined": false
      }
    ],
    "isTemplate": false,
    "count": 0,
    "updated": 0
  },
  {
    "id": "83fc6a93-51e1-4339-9def-3f6de58e94e9",
    "data": [
      {
        "text": "I want to talk to a person",
        "userDefined": false
      }
    ],
    "isTemplate": false,
    "count": 0,
    "updated": 0
  }
]