[
  {
    "id": "c0e75d53-e70a-4e6e-8c29-7bfbd11ced32",
    "data": [
      {
        "text": "How should i sell my ",
        "userDefined": false
      },
      {
        "text": "car",
        "alias": "carsNames",
        "meta": "@carsNames",
        "userDefined": false
      },
      {
        "text": " online?",
        "userDefined": false
      }
    ],
    "isTemplate": false,
    "count": 0,
    "updated": 1546700815
  },
  {
    "id": "54a1926e-b7e3-41db-9187-a213d8f3cb00",
    "data": [
      {
        "text": "I would like to sell my ",
        "userDefined": false
      },
      {
        "text": "car?",
        "alias": "carsNames",
        "meta": "@carsNames",
        "userDefined": false
      }
    ],
    "isTemplate": false,
    "count": 0,
    "updated": 1546700815
  },
  {
    "id": "782cfadf-8d8c-4139-a1f2-66b763f2d12b",
    "data": [
      {
        "text": "I want to sell my ",
        "userDefined": false
      },
      {
        "text": "car?",
        "alias": "carsNames",
        "meta": "@carsNames",
        "userDefined": false
      }
    ],
    "isTemplate": false,
    "count": 0,
    "updated": 1546700815
  }
]