[
  {
    "id": "72ad5105-23b3-492f-855b-3951b5bdcb24",
    "data": [
      {
        "text": "maybach",
        "alias": "BenzCarNames",
        "meta": "@BenzCarNames",
        "userDefined": false
      }
    ],
    "isTemplate": false,
    "count": 0,
    "updated": 1546709413
  },
  {
    "id": "e33e2ff1-073e-4d6c-858d-f822cf0389b0",
    "data": [
      {
        "text": "civic",
        "alias": "hondaCarNames",
        "meta": "@hondaCarNames",
        "userDefined": false
      }
    ],
    "isTemplate": false,
    "count": 0,
    "updated": 1546709413
  },
  {
    "id": "78b11975-6f04-47eb-9d30-991e114ae413",
    "data": [
      {
        "text": "z4",
        "alias": "BMWCarNames",
        "meta": "@BMWCarNames",
        "userDefined": false
      }
    ],
    "isTemplate": false,
    "count": 0,
    "updated": 1546709413
  },
  {
    "id": "309d7a7a-9efb-4844-b0f0-41794a85d095",
    "data": [
      {
        "text": "I have a ",
        "userDefined": false
      },
      {
        "text": "honda city",
        "alias": "carsNames",
        "meta": "@carsNames",
        "userDefined": false
      }
    ],
    "isTemplate": false,
    "count": 0,
    "updated": 1546700982
  },
  {
    "id": "70072d0d-e294-429c-a08f-0a51eac2b9e1",
    "data": [
      {
        "text": "Its ",
        "userDefined": false
      },
      {
        "text": "bmw",
        "alias": "carsNames",
        "meta": "@carsNames",
        "userDefined": false
      },
      {
        "text": " ",
        "userDefined": false
      },
      {
        "text": "z4",
        "alias": "BMWCarNames",
        "meta": "@BMWCarNames",
        "userDefined": false
      }
    ],
    "isTemplate": false,
    "count": 0,
    "updated": 1546700982
  }
]