[
  {
    "id": "f7486b70-c8ec-42b9-84d9-034ee78f379d",
    "data": [
      {
        "text": "delhi",
        "alias": "location",
        "meta": "@sys.location",
        "userDefined": true
      }
    ],
    "isTemplate": false,
    "count": 0,
    "updated": 1546737574
  },
  {
    "id": "cc8e5b17-367b-47c1-9d31-2f626c5cdf32",
    "data": [
      {
        "text": "Anywhere ",
        "userDefined": false
      },
      {
        "text": "delhi",
        "alias": "location",
        "meta": "@sys.location",
        "userDefined": true
      }
    ],
    "isTemplate": false,
    "count": 0,
    "updated": 1546701393
  },
  {
    "id": "7c29b4f6-2a03-46ad-b897-70873a04e487",
    "data": [
      {
        "text": "around ",
        "userDefined": false
      },
      {
        "text": "bangalore",
        "alias": "location",
        "meta": "@sys.location",
        "userDefined": true
      }
    ],
    "isTemplate": false,
    "count": 0,
    "updated": 1546701393
  },
  {
    "id": "f8d31508-7b2e-4b3f-8df9-fcc7e1ffe230",
    "data": [
      {
        "text": "I am in ",
        "userDefined": false
      },
      {
        "text": "bangalore",
        "alias": "location",
        "meta": "@sys.location",
        "userDefined": true
      }
    ],
    "isTemplate": false,
    "count": 0,
    "updated": 1546701393
  }
]