[
  {
    "id": "105d1acc-941d-42fb-ad7b-ec6a40c2e0e7",
    "data": [
      {
        "text": "what all things you can help me with?",
        "userDefined": false
      }
    ],
    "isTemplate": false,
    "count": 0,
    "updated": 1546737483
  },
  {
    "id": "9e0e99f0-391b-4762-b0a3-81f8fa48e6da",
    "data": [
      {
        "text": "what can yo do?",
        "userDefined": false
      }
    ],
    "isTemplate": false,
    "count": 0,
    "updated": 1546737483
  },
  {
    "id": "3d849d8a-91d9-4335-a549-a53c11451162",
    "data": [
      {
        "text": "purpose",
        "userDefined": false
      }
    ],
    "isTemplate": false,
    "count": 0,
    "updated": 0
  },
  {
    "id": "58134262-f0a7-4177-9d22-8bbb597cfbb5",
    "data": [
      {
        "text": "explain your purpose",
        "userDefined": false
      }
    ],
    "isTemplate": false,
    "count": 0,
    "updated": 0
  },
  {
    "id": "7ad03924-0299-4ce1-883b-1c73556dc38d",
    "data": [
      {
        "text": "I want to know what you do",
        "userDefined": false
      }
    ],
    "isTemplate": false,
    "count": 0,
    "updated": 0
  },
  {
    "id": "23be0d37-ef15-41f0-8001-ec79dd464e6a",
    "data": [
      {
        "text": "I want to know what you are for",
        "userDefined": false
      }
    ],
    "isTemplate": false,
    "count": 0,
    "updated": 0
  },
  {
    "id": "d2c905df-4a5a-4a1f-9b02-660d7e1099cd",
    "data": [
      {
        "text": "I want to know your purpose",
        "userDefined": false
      }
    ],
    "isTemplate": false,
    "count": 0,
    "updated": 0
  },
  {
    "id": "681ce957-9679-4eee-ac02-1eaf6387ff30",
    "data": [
      {
        "text": "tell me your purpose",
        "userDefined": false
      }
    ],
    "isTemplate": false,
    "count": 0,
    "updated": 0
  },
  {
    "id": "e0305339-e22c-4bd0-b75f-a2c9ac8ba5de",
    "data": [
      {
        "text": "tell me what you do",
        "userDefined": false
      }
    ],
    "isTemplate": false,
    "count": 0,
    "updated": 0
  },
  {
    "id": "2d1b0ca1-43cf-4bba-8baf-2d30a1aa8d6e",
    "data": [
      {
        "text": "what are you?",
        "userDefined": false
      }
    ],
    "isTemplate": false,
    "count": 0,
    "updated": 0
  },
  {
    "id": "38add2e5-5822-4df6-ab85-38cec0d1cfb4",
    "data": [
      {
        "text": "tell me about yourself",
        "userDefined": false
      }
    ],
    "isTemplate": false,
    "count": 0,
    "updated": 0
  },
  {
    "id": "3dab4ae8-3c01-42d4-a3f1-ec3bd68793d3",
    "data": [
      {
        "text": "why do you exist?",
        "userDefined": false
      }
    ],
    "isTemplate": false,
    "count": 0,
    "updated": 0
  },
  {
    "id": "c848ae81-db4f-4c17-b562-982ce69bc2d3",
    "data": [
      {
        "text": "what are you for?",
        "userDefined": false
      }
    ],
    "isTemplate": false,
    "count": 0,
    "updated": 0
  },
  {
    "id": "a0284e15-52a7-49da-bd71-7c0018bd4284",
    "data": [
      {
        "text": "what do you do?",
        "userDefined": false
      }
    ],
    "isTemplate": false,
    "count": 0,
    "updated": 0
  },
  {
    "id": "5a3bee58-967a-4550-87f1-f9bfdd0839eb",
    "data": [
      {
        "text": "what\u0027s your purpose?",
        "userDefined": false
      }
    ],
    "isTemplate": false,
    "count": 0,
    "updated": 0
  }
]